1;congue.turpis@Innec.net;MYI26ZQO7WR;Calderon;Evangeline
2;lacus.Aliquam@ametorci.ca;RUK37EAR4YC;Neal;Barbara
3;ut.eros@Sedmalesuada.ca;ROK26EEZ6NR;Anderson;Yael
4;Aliquam.fringilla.cursus@vitaediamProin.com;ZCG18OGE1RR;Hoffman;Maryam
5;pede.blandit.congue@nequeIn.ca;JCK79LDX2QH;Wade;Fuller
6;laoreet.libero.et@vitae.com;TNF34RSR5WW;Patton;Ariel
7;Proin@Ut.com;YYU09MVO4NU;Rosales;Ebony
8;Fusce@amet.org;KYW55JKJ9BX;Nolan;Constance
9;ac.urna@Nullaeuneque.net;NMX49GHT2CO;Winters;Mason
10;semper.egestas.urna@Proin.co.uk;QNN58VNY5XN;Moses;Yolanda
11;viverra@egetmagna.net;HHQ24TDQ0NX;Bentley;India
12;et.magna.Praesent@rutrumeuultrices.edu;GJP83HZV8LT;Bean;Isabella
13;vel.turpis.Aliquam@ut.co.uk;UGU79JPC2KI;Dennis;Nehru
14;elit.Curabitur.sed@eget.ca;QNC12ORI5ZB;Wilkins;Brandon
15;Proin.mi@imperdieterat.edu;XAJ05FYH7DT;Nichols;Rachel
16;Mauris.quis.turpis@nec.ca;HKW72EGT6TL;Kidd;Cecilia
17;vulputate.nisi.sem@orciPhasellusdapibus.net;EUB29MKC5ZE;Garrett;Venus
18;vulputate.ullamcorper@senectus.ca;TSH34EFM9RO;Barnes;Cameran
19;vulputate@ante.org;YQZ43PCK6OI;Mitchell;Tobias
20;elit@pharetranibhAliquam.org;HWG22QYI9EW;Franco;Catherine
21;libero.est.congue@semelitpharetra.co.uk;XNF63CGD6ZU;Leblanc;Igor
22;eu.placerat@augueeutempor.co.uk;XAV11QRX2LM;Mclean;Grace
23;sit.amet.lorem@etliberoProin.ca;KNC50AYC7BY;Snyder;Peter
24;semper.rutrum@ipsum.ca;AGK20NUJ2PN;Hines;Nathaniel
25;nisl@Pellentesquetincidunttempus.org;NKV51UMC6OF;Goff;Cathleen
26;quam@vitaeodio.ca;YTJ68VWD8UN;May;Devin
27;egestas@Donec.com;LPH51RTV1YX;Lowe;Quinn
28;porta.elit.a@Integer.org;HGF39UZU9SS;Higgins;Jocelyn
29;consequat.auctor@adipiscingMaurismolestie.co.uk;DLV54ATP5NQ;George;Kylee
30;massa.Integer.vitae@quis.ca;XJD40KKR1LN;Powell;Urielle
31;magnis@etrutrum.ca;BRX54UEX4FF;Dunn;Hollee
32;ultrices.iaculis.odio@loremsitamet.net;FXP68YSF2PU;Mcdonald;Clayton
33;ac.orci@risus.ca;SLA61XYG0FW;Knight;Kalia
34;Aenean@eu.net;GHP48DIN3BE;Pugh;Simone
35;Duis@ipsum.com;BJM95DXQ2VQ;Snider;Quin
36;suscipit.nonummy@justosit.edu;OVH42QTM6FV;Hensley;Yuri
37;molestie@aultriciesadipiscing.com;XTJ72CIX5SI;Bruce;Fuller
38;magna@consectetuereuismod.co.uk;IHG49OZX0EN;Puckett;Jena
39;semper.pretium.neque@ornarelectusante.co.uk;VRM48SHR3DM;Norris;Ocean
40;et@vehiculaPellentesquetincidunt.edu;ZAP63DJU7FQ;Cruz;Angelica
41;amet.consectetuer@euodio.org;DOT11BIW8KS;Mckee;Alma
42;ad.litora@nunc.net;URG39ZOI5XJ;Horne;Charlotte
43;netus@enim.ca;PRV63EIF1SN;Castillo;Gary
44;elementum@natoque.edu;PHD49PYG2IX;Wilson;Ginger
45;sagittis@vestibulummassa.co.uk;DFX63QHA7VP;Holcomb;Ainsley
46;ante.blandit@a.ca;DNK16EJX5QB;Miller;Miriam
47;nec.luctus@leoCrasvehicula.net;SXO73URJ2JB;Watkins;Shannon
48;enim.nec@vel.net;DCU87YCF7WM;Snyder;Holly
49;ac.arcu@nonantebibendum.ca;PFN67MPN5BR;Hart;Alan
50;interdum.Curabitur@odio.com;CKM52SGV7AR;Puckett;Naomi
51;venenatis@nequeMorbi.edu;PVA38RVF5TI;Dalton;Dora
52;Vivamus.non@augueutlacus.co.uk;KEC33RSZ4JN;Ashley;Brenden
53;Duis.at.lacus@etlibero.co.uk;XGW38IUR8YC;Craft;Laith
54;mauris.a.nunc@vestibulumneque.com;FQI96AXG6OD;Bond;Lamar
55;enim.Sed.nulla@dolorFuscefeugiat.ca;NIR08FOU8EI;Luna;Roanna
56;nonummy.ultricies@sit.ca;QAK66AXH8ZZ;Hernandez;Cyrus
57;bibendum@egestasSedpharetra.co.uk;DWL40UCN2LP;Weiss;Xander
58;rhoncus@ultricies.com;OCB55SYB6AB;Stein;Luke
59;sem.ut.dolor@Duis.edu;QPZ04SUA3WO;Webster;Gage
60;ligula.consectetuer.rhoncus@nunc.com;GBH91HSE7KG;Holder;Reed
61;in.lobortis@consectetuer.net;ZNU57RSA3FT;Stokes;Ezra
62;sem.ut@semperegestas.co.uk;KYX05HFG3LP;Hahn;Lana
63;Aenean.eget.metus@ametconsectetuer.edu;PGS44RXB9IY;Kline;Jamalia
64;pede.blandit@semperrutrumFusce.org;VFL99UEX6CJ;Whitaker;Zane
65;felis.adipiscing.fringilla@malesuadafamesac.co.uk;ZYY57JRX9EP;Holcomb;Lilah
66;erat.eget@suscipit.co.uk;YXI73BAI2BE;Conway;Zephania
67;turpis.non.enim@mattis.edu;TCJ44UDL6XO;Howell;Kessie
68;urna@magnaDuisdignissim.com;DVT38POE2AZ;Fuller;Belle
69;semper.cursus.Integer@CuraePhasellus.com;ZMI60JYU8WD;Webb;Mallory
70;lorem.fringilla@aliquetPhasellusfermentum.ca;IAO79WEB4DY;Day;Martena
71;nunc.est@nequeIn.ca;IIQ73DUF8LQ;Byrd;Montana
72;Quisque.porttitor@aliquetPhasellus.com;ZGW63HDB9XO;Anderson;Jonas
73;Nam.porttitor.scelerisque@Namacnulla.edu;JNY03DGS3JO;Mcmillan;Slade
74;posuere.cubilia.Curae@quisdiam.com;HNQ08SAD7UP;Bonner;Dalton
75;Vivamus@vel.org;AKH47CEU7NE;Roach;Lance
76;lorem.sit.amet@ornare.com;QOJ96QWL1CZ;Shaw;Quamar
77;at.pede.Cras@sitametconsectetuer.edu;WUC14KFP8DY;Salas;Karyn
78;turpis.egestas@nascetur.edu;RMA07YED3YD;Brooks;Todd
79;ullamcorper@egetmassa.com;OTR28XSG0DO;Roy;Sara
80;Aliquam@magna.co.uk;QLH83ZYH1YD;Mooney;Odessa
81;lobortis@uteratSed.net;MHW47IBJ6RU;Mcpherson;Isabelle
82;Donec@mi.co.uk;SWL83AUN9AI;Hopkins;Adam
83;enim.Sed.nulla@consectetuer.edu;SQE80MAP6VJ;Bauer;Carly
84;facilisis.non@diamdictumsapien.edu;MWN33XUS1NO;Valentine;Brody
85;rhoncus.Donec@tortorNunc.net;BBV60NRC8RQ;Casey;Yuli
86;molestie@liberolacusvarius.ca;IVY87FVT9GG;Freeman;Eric
87;ornare.lectus@dignissim.ca;BTI88OFV4JG;Cannon;Quynn
88;Integer.tincidunt.aliquam@nullaat.org;OJC11SPQ4SQ;Mccullough;Arden
89;Cum.sociis.natoque@ante.org;KNX31CCB4HN;Parsons;Dakota
90;dui.Cras@leoMorbineque.org;XCC65JFG1GD;Head;Casey
91;sociis.natoque.penatibus@sitametrisus.com;IXM16EIR7WK;Church;Reece
92;sapien.gravida@nec.com;NTB52ETZ1SE;Robles;Nevada
93;Fusce.mollis@ullamcorper.net;QUR35UFK5IZ;Richardson;Halee
94;cursus.a.enim@aliquetProinvelit.edu;NGK17DBS1UM;Gibson;Brenda
95;imperdiet.nec.leo@maurisIntegersem.org;ZKF92ZLM9TS;Thornton;Caldwell
96;placerat.orci.lacus@nisi.co.uk;LYU01JVH0TS;Bates;Patrick
97;viverra@ornare.org;GTG40LGH8QS;Moss;Gemma
98;non.lacinia.at@Vivamus.edu;KGX27FLH7LJ;Berry;Aidan
99;parturient.montes@mollis.ca;XQM89EDY7UD;Cervantes;Stewart
100;vulputate.velit@Nullamlobortis.net;CVJ67AXP2GK;Tillman;Timonidt_auteurs;email;password;nom;prenom
1;tristique@elit.ca;RTU30AQV9QA;Stein;Deborah
2;scelerisque@ametdiameu.edu;WSX48KHO9AX;Hayes;Willow
3;Cras.lorem@nec.org;OTQ85UBB3LT;Whitley;Jolie
4;congue.turpis@risusQuisque.co.uk;HPQ45XXJ2FB;Riley;Brandon
5;Fusce.mi@elitelitfermentum.edu;EHU45WBL2HE;Prince;Amal
6;aliquet@Nullatempor.edu;RFS19FXB3EF;Bradley;Wallace
7;lacus.Quisque@musAeneaneget.org;QYK27PRO1EE;Parks;Ann
8;Suspendisse.dui.Fusce@etmagnis.co.uk;SCZ69VRP9RY;Wade;Lynn
9;aliquet.metus.urna@consequatauctornunc.net;XGV01JZY4BZ;Johnston;Buffy
10;est.congue@at.edu;BMF90HSX9ZF;Marshall;Ignacia
11;primis.in@quis.net;UYB84CQW0YF;Herrera;Coby
12;Suspendisse.aliquet.sem@Sednec.com;ZHA85ENZ5OB;Edwards;Sybill
13;at.velit.Cras@auctorvelit.com;CHM14YJQ0DH;Spears;Herman
14;dapibus.gravida.Aliquam@ac.co.uk;NQA68PKW3QU;Foley;Wynne
15;parturient.montes@afacilisisnon.com;UOO24LSK4IO;Tyler;Abigail
16;massa.non.ante@fringilla.ca;FLQ38KOS1TD;Burgess;Ross
17;Nunc.ac.sem@loremsit.org;PUO99ENF9HS;Medina;Jamalia
18;Nam@loremauctor.ca;CSK91AIL9UE;Orr;Alika
19;velit.Cras.lorem@augue.ca;WAI80PFF5IJ;Walter;Cailin
20;enim@duiaugue.ca;GCZ56CBW5YH;Roy;Brendan
21;suscipit.est.ac@quam.com;LEG52HFQ9XP;Harrington;Erich
22;arcu.Nunc.mauris@Classaptenttaciti.edu;ZNQ92LHU1IQ;Strickland;Martina
23;mus.Proin@vitaealiquameros.com;VKV92TDR1WA;Hall;George
24;fermentum.fermentum.arcu@risusvariusorci.org;XJR50TPL2ZK;Tanner;Kameko
25;orci.Ut.sagittis@molestieintempus.org;AOK85JPW4QH;Morton;Axel
26;cursus.in@Cum.ca;WWX69VVB2OI;Sheppard;Flynn
27;pretium.et@Integer.net;HBG61HVP6NJ;Morrison;Chastity
28;quis@et.org;NSM13HQJ1IX;Rowland;Joan
29;cursus@vitaeorciPhasellus.com;WET81LPF1YL;Garrett;Rahim
30;odio@dictum.net;HCB75EQA9VE;Mcdonald;Keelie
31;volutpat@vel.org;QPR10IAP2IN;Greer;Kelsey
32;elit.pede@eudui.net;HKX84NOX9JF;Castro;Todd
33;fermentum.vel.mauris@Duis.co.uk;KZX13BKO4ED;Davenport;Kaseem
34;turpis@ametanteVivamus.co.uk;KJY20AYO7HL;Cash;Constance
35;luctus.Curabitur.egestas@sedest.com;IDR06UAU6IQ;Byers;Colton
36;Cum.sociis@Curabiturvellectus.net;NNJ69TRR8VI;Moran;Elliott
37;diam@sed.com;HZS65MYW6LD;Hood;Dominique
38;sem@vitae.net;OZR38GHY8VT;Gonzalez;Karleigh
39;lobortis.risus.In@malesuada.com;DOK31ETH1HA;King;Odette
40;ac.ipsum.Phasellus@ligulaconsectetuerrhoncus.ca;ONY79IDO4CW;Paul;Stewart
41;neque@Vivamus.org;PCE80REV4VN;Foster;Calvin
42;sem.Pellentesque.ut@diamdictumsapien.edu;HAL41CEM0JE;Bennett;Ignatius
43;mattis.velit.justo@sagittis.net;KHE91JCN3UU;Parsons;Graham
44;metus@rhoncus.net;LUQ55QAG4XA;Boone;Leslie
45;purus@nonluctussit.edu;TCZ29XGB3LL;Heath;Catherine
46;mus.Proin@a.co.uk;SJU75ZTT1JB;Reilly;Kirk
47;sed.tortor@acfacilisisfacilisis.com;RUL04DDV8UA;Kelly;Tobias
48;arcu@Aeneanegetmetus.co.uk;SVR35GAX5BU;Sawyer;Mark
49;laoreet@urna.co.uk;UFL48ZOJ4MQ;Ware;Lawrence
50;et.nunc.Quisque@Morbimetus.org;DOU55OUO8GW;Odonnell;Jael
51;odio@Sednullaante.org;YSH48LLD0DQ;Oneill;Damon
52;luctus@magnisdisparturient.ca;FSP10KYB5QU;King;Candace
53;velit@velitSed.org;ITO56HBD2CC;Bolton;Randall
54;nulla@nibhQuisquenonummy.edu;VSL96FZV0UH;Rowe;Ian
55;amet.metus.Aliquam@tellusNunc.net;TKA58FWH6HP;Zamora;Wyoming
56;nonummy@commodoipsumSuspendisse.org;LXE99JRD8WE;Holland;Olivia
57;nec@leoCras.net;MXR41YIK5AD;Francis;Luke
58;eleifend.Cras@euismod.ca;LVO83MUZ8LA;Castaneda;Velma
59;eu.tellus@dapibusgravidaAliquam.org;JDV07QTZ5LC;Mitchell;Boris
60;dictum@aliquet.org;KNS19MGC4PG;Sweet;Stewart
61;enim.Etiam.imperdiet@elitsedconsequat.ca;MIT11QVK9KF;Campbell;Thane
62;mi.Aliquam.gravida@Cras.com;LFF13MVV1CR;Mcmillan;Reuben
63;metus.In.lorem@interdumenimnon.co.uk;PPQ25GXS6AL;Hebert;Winter
64;amet@Mauris.co.uk;WLV86EAF1HV;Dickerson;Laurel
65;augue.ut@netuset.net;YXI21QEN9YK;Soto;Karyn
66;tempus.mauris@elitelitfermentum.com;GON49IEL9XC;Leon;Leah
67;lacus.Quisque@sodalesatvelit.net;YJH86XKN2WF;Sullivan;Wyoming
68;Donec@Nullatinciduntneque.ca;MXD81YFS4RK;Humphrey;Shelby
69;mollis.Integer@Sed.net;ATF94CCZ3GQ;Roach;Brynn
70;nisl@nullaante.com;BYO30BAE2HI;Whitaker;Lilah
71;ante@lorem.com;DER78WJM1UJ;Warren;Blossom
72;turpis@montes.net;DBG71NXQ4II;Beck;Anika
73;ac@atnisi.org;HBH57RFH8VF;Russo;Kermit
74;elit@volutpatnunc.co.uk;HNF24KLE7VU;Riggs;Zephr
75;et@DonecfringillaDonec.ca;TLT57HZZ0NQ;Wagner;Blaze
76;rhoncus.Donec@Phasellusnulla.com;DYJ12YDG1MX;Herring;Quon
77;Vestibulum.ut.eros@lacus.org;FKQ70ORP8JH;Wade;Philip
78;in@eu.ca;MRK36DDV8QR;Brewer;Jonah
79;pede.ac@neque.ca;JKP94JNY3QJ;Beach;Aidan
80;accumsan.laoreet.ipsum@necenimNunc.ca;DRV47GVD8EZ;Young;Indira
81;ipsum.cursus@nequenon.edu;OUC02ETV8HZ;Solomon;Carlos
82;nec.urna@atarcu.ca;VQD32TOR8NR;Glenn;Cullen
83;adipiscing.elit@sitamet.co.uk;HPH76YIE4OJ;Collins;Jade
84;risus.Donec@mattisInteger.co.uk;JFK86LOO2DQ;Padilla;Rhonda
85;ut.odio.vel@in.co.uk;MGQ73SRU4TA;Chambers;Portia
86;mauris.id.sapien@velitduisemper.net;XRU82VUR5MZ;Murray;Brenden
87;Quisque@eratVivamus.net;IIU32XVC1FB;Hyde;May
88;scelerisque@laciniaatiaculis.com;QBV01YRS8YJ;Haynes;Leslie
89;ac.risus.Morbi@etmalesuadafames.com;YHG62XAR7YB;Pruitt;Raya
90;lectus.quis.massa@enimMaurisquis.org;SPE87JVW8KU;Fuller;Caldwell
91;nibh@egetmagnaSuspendisse.net;VEL24DCB4NF;Gates;Zelenia
92;sed@velitin.org;KUQ24IUS5FY;Mcgee;Minerva
93;parturient.montes@musAenean.co.uk;FBH46DLY8DO;Carr;Maxine
94;vehicula@Cras.ca;MFU82UHY0IY;Holmes;Cameran
95;mauris@auctorquistristique.com;YLY95GCX3EK;Ortega;Addison
96;et.commodo.at@risusNulla.ca;IVX17NSO9AK;Pace;Yen
97;sodales@orciconsectetuereuismod.co.uk;IKJ29JUZ7PR;Mcpherson;Mary
98;feugiat@pedeblanditcongue.edu;QYW98QPO0LA;Guerrero;Judith
99;mauris@aneque.ca;ZWI71SHQ1QO;Mcleod;Noelani
100;Fusce.aliquam@tempusmauris.co.uk;LBD19LAB8CU;Barrett;Ezekiel