1;"2017-10-30 15:35:04";4;"non nisi. Aenean eget metus.";45;"Lorem ipsum dolor sit amet, consectetuer adipiscing elit. Curabitur sed tortor. Integer aliquam adipiscing lacus. Ut nec urna et arcu imperdiet ullamcorper. Duis at lacus. Quisque purus sapien, gravida non, sollicitudin a, malesuada"
2;"2017-10-03 16:03:33";2;"dui quis accumsan convallis, ante";13;"Lorem ipsum dolor sit amet, consectetuer adipiscing elit. Curabitur sed tortor. Integer aliquam adipiscing lacus. Ut nec urna et arcu imperdiet ullamcorper. Duis at lacus. Quisque purus sapien, gravida non, sollicitudin a,"
3;"2017-07-27 18:20:52";2;"mauris, aliquam eu, accumsan sed,";28;"Lorem ipsum dolor sit amet, consectetuer adipiscing elit. Curabitur sed tortor. Integer aliquam adipiscing lacus. Ut nec urna et arcu imperdiet ullamcorper. Duis at lacus. Quisque purus sapien, gravida non, sollicitudin a, malesuada id, erat. Etiam vestibulum"
4;"2017-04-24 14:08:10";5;"Sed diam lorem, auctor quis,";88;"Lorem ipsum dolor sit amet, consectetuer adipiscing elit. Curabitur sed tortor. Integer aliquam adipiscing lacus. Ut nec urna et arcu imperdiet ullamcorper. Duis at lacus. Quisque purus sapien, gravida non, sollicitudin a, malesuada id, erat. Etiam vestibulum massa rutrum"
5;"2017-11-11 15:49:35";2;"Integer aliquam adipiscing lacus. Ut";83;"Lorem ipsum dolor sit amet, consectetuer adipiscing elit. Curabitur sed tortor. Integer aliquam adipiscing lacus. Ut nec urna et arcu imperdiet ullamcorper. Duis at lacus. Quisque purus sapien, gravida non, sollicitudin a, malesuada id, erat. Etiam vestibulum massa rutrum magna. Cras convallis convallis dolor. Quisque"
6;"2017-07-05 00:47:01";4;"sed, est. Nunc laoreet lectus";77;"Lorem ipsum dolor sit amet, consectetuer adipiscing elit. Curabitur sed tortor. Integer aliquam adipiscing"
7;"2018-04-05 19:13:58";5;"in, dolor. Fusce feugiat. Lorem";25;"Lorem ipsum dolor sit amet, consectetuer adipiscing elit. Curabitur sed tortor. Integer aliquam adipiscing lacus. Ut nec urna et arcu imperdiet ullamcorper. Duis at lacus. Quisque purus sapien, gravida non, sollicitudin a, malesuada id, erat. Etiam vestibulum massa rutrum magna. Cras convallis convallis dolor. Quisque tincidunt pede ac urna."
8;"2018-02-11 08:45:48";2;"dignissim pharetra. Nam ac nulla.";62;"Lorem ipsum dolor sit amet, consectetuer adipiscing elit. Curabitur sed tortor. Integer aliquam adipiscing lacus. Ut nec urna et arcu imperdiet ullamcorper. Duis at lacus. Quisque purus sapien, gravida non, sollicitudin a, malesuada"
9;"2018-10-08 14:06:32";1;"pharetra, felis eget varius ultrices,";38;"Lorem ipsum dolor sit amet, consectetuer adipiscing elit. Curabitur sed tortor. Integer aliquam adipiscing lacus. Ut nec urna et arcu imperdiet ullamcorper. Duis at lacus. Quisque"
10;"2017-02-23 03:21:55";6;"elit pede, malesuada vel, venenatis";51;"Lorem ipsum dolor sit amet, consectetuer adipiscing elit. Curabitur sed tortor. Integer aliquam adipiscing lacus. Ut nec urna et arcu imperdiet ullamcorper. Duis at lacus. Quisque purus sapien, gravida non, sollicitudin a, malesuada id, erat. Etiam vestibulum"
11;"2018-03-10 06:49:43";2;"ante, iaculis nec, eleifend non,";69;"Lorem ipsum dolor sit amet, consectetuer adipiscing"
12;"2017-03-20 08:37:36";4;"vitae odio sagittis semper. Nam";67;"Lorem ipsum dolor sit amet, consectetuer adipiscing elit. Curabitur sed tortor. Integer aliquam adipiscing lacus. Ut nec urna et"
13;"2017-07-07 12:47:15";6;"penatibus et magnis dis parturient";37;"Lorem ipsum dolor sit amet,"
14;"2018-04-24 07:47:18";6;"euismod ac, fermentum vel, mauris.";12;"Lorem ipsum dolor sit amet, consectetuer adipiscing elit. Curabitur sed tortor. Integer aliquam adipiscing lacus. Ut nec urna et arcu"
15;"2017-01-13 13:00:55";2;"nibh. Quisque nonummy ipsum non";10;"Lorem ipsum dolor sit amet, consectetuer adipiscing elit. Curabitur sed tortor. Integer aliquam adipiscing lacus. Ut nec urna et arcu imperdiet ullamcorper. Duis at lacus. Quisque"
16;"2018-02-22 21:38:24";3;"aliquet odio. Etiam ligula tortor,";79;"Lorem ipsum dolor sit amet, consectetuer adipiscing elit. Curabitur sed tortor."
17;"2017-05-28 16:10:05";4;"Sed pharetra, felis eget varius";81;"Lorem ipsum dolor sit amet, consectetuer adipiscing elit. Curabitur sed tortor. Integer aliquam adipiscing lacus. Ut nec urna et arcu imperdiet ullamcorper. Duis at lacus. Quisque purus sapien, gravida non, sollicitudin a, malesuada id, erat. Etiam vestibulum massa rutrum magna. Cras convallis convallis dolor. Quisque tincidunt pede ac"
18;"2017-02-10 20:45:44";3;"consectetuer mauris id sapien. Cras";79;"Lorem ipsum dolor sit amet, consectetuer adipiscing elit. Curabitur sed tortor. Integer aliquam adipiscing lacus. Ut nec urna et arcu imperdiet ullamcorper. Duis at lacus. Quisque purus sapien, gravida non, sollicitudin a, malesuada id,"
19;"2018-08-28 15:51:31";1;"metus eu erat semper rutrum.";98;"Lorem ipsum dolor sit amet, consectetuer adipiscing elit. Curabitur sed tortor. Integer aliquam adipiscing lacus. Ut nec urna et arcu imperdiet ullamcorper. Duis at lacus. Quisque purus sapien, gravida non, sollicitudin a, malesuada id, erat. Etiam vestibulum massa rutrum magna. Cras"
20;"2018-10-30 12:27:42";2;"Sed id risus quis diam";36;"Lorem ipsum dolor sit amet, consectetuer adipiscing elit. Curabitur sed tortor. Integer aliquam adipiscing lacus. Ut nec urna et arcu imperdiet ullamcorper. Duis at lacus. Quisque purus sapien, gravida non, sollicitudin a, malesuada id, erat. Etiam vestibulum massa rutrum magna. Cras convallis convallis"
21;"2017-05-03 19:17:49";3;"Mauris ut quam vel sapien";64;"Lorem ipsum dolor sit amet, consectetuer adipiscing elit. Curabitur sed tortor. Integer aliquam adipiscing lacus. Ut nec urna et"
22;"2017-09-02 11:08:24";3;"arcu imperdiet ullamcorper. Duis at";13;"Lorem ipsum dolor sit amet, consectetuer adipiscing"
23;"2016-12-16 08:58:29";4;"sed leo. Cras vehicula aliquet";14;"Lorem ipsum dolor sit amet, consectetuer adipiscing elit. Curabitur sed tortor. Integer aliquam adipiscing lacus. Ut nec urna et arcu imperdiet ullamcorper. Duis at"
24;"2017-05-05 18:09:44";5;"Nulla tincidunt, neque vitae semper";60;"Lorem ipsum dolor sit amet, consectetuer adipiscing elit. Curabitur sed tortor. Integer aliquam adipiscing lacus. Ut nec urna et arcu imperdiet ullamcorper. Duis"
25;"2017-04-24 17:40:45";1;"ipsum porta elit, a feugiat";39;"Lorem ipsum dolor sit amet, consectetuer adipiscing"
26;"2018-01-03 17:18:10";4;"eget magna. Suspendisse tristique neque";26;"Lorem ipsum dolor sit amet, consectetuer adipiscing elit. Curabitur sed tortor. Integer aliquam adipiscing lacus. Ut nec urna et arcu imperdiet ullamcorper. Duis at lacus. Quisque"
27;"2018-04-02 11:47:27";4;"cubilia Curae; Phasellus ornare. Fusce";27;"Lorem ipsum dolor sit amet, consectetuer adipiscing elit. Curabitur sed tortor. Integer aliquam adipiscing lacus. Ut nec urna et arcu imperdiet ullamcorper. Duis at lacus. Quisque"
28;"2016-12-29 17:31:50";2;"In mi pede, nonummy ut,";72;"Lorem ipsum dolor sit amet, consectetuer adipiscing elit. Curabitur sed tortor. Integer aliquam adipiscing lacus. Ut nec urna et arcu imperdiet ullamcorper. Duis at lacus. Quisque purus sapien, gravida non, sollicitudin a, malesuada"
29;"2017-08-20 10:40:27";2;"amet luctus vulputate, nisi sem";36;"Lorem ipsum dolor"
30;"2018-09-10 18:12:42";2;"parturient montes, nascetur ridiculus mus.";91;"Lorem ipsum dolor sit amet, consectetuer adipiscing elit. Curabitur sed tortor. Integer aliquam adipiscing lacus. Ut nec urna et arcu imperdiet ullamcorper. Duis at lacus. Quisque purus sapien, gravida non, sollicitudin a, malesuada id, erat. Etiam vestibulum massa rutrum magna."
31;"2018-04-14 22:30:34";1;"metus vitae velit egestas lacinia.";65;"Lorem ipsum dolor sit amet, consectetuer adipiscing elit. Curabitur sed tortor. Integer aliquam adipiscing lacus. Ut nec urna et arcu imperdiet ullamcorper. Duis at lacus. Quisque purus sapien, gravida non, sollicitudin a, malesuada id, erat. Etiam vestibulum massa rutrum"
32;"2018-08-19 09:39:11";3;"luctus lobortis. Class aptent taciti";53;"Lorem ipsum dolor sit amet, consectetuer adipiscing elit. Curabitur"
33;"2018-05-25 20:33:30";2;"enim. Sed nulla ante, iaculis";97;"Lorem ipsum dolor sit amet, consectetuer adipiscing elit. Curabitur sed tortor. Integer aliquam adipiscing lacus. Ut nec urna et arcu imperdiet ullamcorper. Duis at lacus. Quisque purus sapien, gravida non, sollicitudin a, malesuada id, erat. Etiam vestibulum massa rutrum magna. Cras convallis convallis dolor. Quisque"
34;"2017-06-12 00:26:53";6;"Etiam vestibulum massa rutrum magna.";54;"Lorem ipsum dolor sit amet, consectetuer adipiscing elit. Curabitur sed"
35;"2018-03-27 00:29:17";6;"sed sem egestas blandit. Nam";85;"Lorem ipsum dolor sit amet, consectetuer adipiscing elit. Curabitur"
36;"2018-01-10 07:19:07";5;"Cras interdum. Nunc sollicitudin commodo";16;"Lorem ipsum dolor sit amet, consectetuer adipiscing elit. Curabitur sed tortor. Integer aliquam adipiscing lacus. Ut nec urna et arcu imperdiet ullamcorper. Duis at lacus. Quisque purus sapien, gravida non, sollicitudin a, malesuada id, erat. Etiam vestibulum massa rutrum"
37;"2016-12-21 22:37:20";4;"dui. Suspendisse ac metus vitae";75;"Lorem ipsum dolor sit amet, consectetuer adipiscing elit. Curabitur sed tortor. Integer aliquam adipiscing lacus. Ut nec urna et arcu imperdiet ullamcorper. Duis at lacus. Quisque purus sapien, gravida non, sollicitudin a, malesuada id, erat. Etiam vestibulum massa rutrum magna. Cras convallis convallis dolor. Quisque tincidunt pede ac urna."
38;"2018-03-30 13:32:19";5;"amet, consectetuer adipiscing elit. Curabitur";68;"Lorem ipsum dolor sit amet, consectetuer adipiscing elit. Curabitur sed tortor. Integer aliquam adipiscing lacus. Ut nec urna et arcu imperdiet ullamcorper. Duis at lacus. Quisque purus sapien, gravida non, sollicitudin a, malesuada id, erat. Etiam vestibulum massa rutrum magna. Cras"
39;"2018-03-07 07:35:17";2;"vitae purus gravida sagittis. Duis";21;"Lorem ipsum dolor sit amet, consectetuer adipiscing elit. Curabitur sed tortor. Integer aliquam adipiscing lacus. Ut nec urna et arcu imperdiet ullamcorper. Duis at lacus. Quisque purus sapien, gravida non, sollicitudin a, malesuada id,"
40;"2016-12-19 22:18:35";1;"Vestibulum ante ipsum primis in";49;"Lorem ipsum dolor sit amet, consectetuer adipiscing elit. Curabitur sed tortor. Integer aliquam adipiscing lacus. Ut nec urna et arcu imperdiet ullamcorper. Duis at lacus. Quisque purus sapien, gravida non, sollicitudin a, malesuada id, erat. Etiam vestibulum massa rutrum magna. Cras convallis convallis dolor. Quisque tincidunt pede ac urna."
41;"2018-03-17 22:06:50";6;"cursus vestibulum. Mauris magna. Duis";97;"Lorem ipsum dolor sit amet, consectetuer adipiscing elit. Curabitur sed tortor. Integer aliquam adipiscing lacus. Ut nec urna et arcu imperdiet ullamcorper. Duis at lacus. Quisque purus sapien, gravida non, sollicitudin a, malesuada id, erat. Etiam vestibulum massa"
42;"2017-03-31 13:39:01";6;"Suspendisse non leo. Vivamus nibh";53;"Lorem ipsum dolor sit amet, consectetuer adipiscing elit. Curabitur sed tortor. Integer aliquam adipiscing lacus. Ut nec urna et arcu imperdiet ullamcorper. Duis at lacus. Quisque purus sapien, gravida non, sollicitudin a, malesuada id, erat. Etiam"
43;"2017-07-07 15:25:26";3;"congue turpis. In condimentum. Donec";50;"Lorem ipsum dolor sit amet, consectetuer adipiscing elit. Curabitur sed tortor. Integer aliquam"
44;"2017-05-31 02:07:38";4;"dictum eu, placerat eget, venenatis";46;"Lorem ipsum dolor sit amet, consectetuer adipiscing elit. Curabitur sed tortor. Integer aliquam adipiscing lacus."
45;"2018-07-04 20:31:23";3;"Sed nunc est, mollis non,";62;"Lorem ipsum dolor sit amet, consectetuer adipiscing elit. Curabitur sed tortor. Integer aliquam adipiscing lacus. Ut nec urna"
46;"2016-12-01 21:55:14";6;"Nulla eu neque pellentesque massa";93;"Lorem ipsum"
47;"2017-07-05 17:37:48";3;"neque sed sem egestas blandit.";7;"Lorem ipsum dolor sit amet, consectetuer adipiscing elit. Curabitur sed tortor. Integer aliquam adipiscing lacus. Ut nec urna et arcu imperdiet ullamcorper. Duis at lacus."
48;"2016-11-30 16:59:27";1;"sed dictum eleifend, nunc risus";67;"Lorem ipsum dolor sit amet, consectetuer adipiscing elit. Curabitur sed tortor. Integer aliquam adipiscing lacus. Ut nec urna et arcu imperdiet ullamcorper. Duis at lacus. Quisque"
49;"2016-12-17 01:27:08";2;"nulla. Donec non justo. Proin";85;"Lorem ipsum dolor sit amet, consectetuer adipiscing elit. Curabitur sed tortor. Integer aliquam adipiscing lacus. Ut nec"
50;"2017-06-08 02:43:54";4;"nibh. Aliquam ornare, libero at";35;"Lorem ipsum dolor sit amet, consectetuer adipiscing elit. Curabitur sed tortor. Integer"
51;"2017-11-24 15:33:32";2;"molestie sodales. Mauris blandit enim";49;"Lorem ipsum dolor sit amet, consectetuer adipiscing elit. Curabitur sed tortor. Integer aliquam adipiscing lacus. Ut nec urna et arcu imperdiet ullamcorper. Duis at lacus. Quisque purus sapien, gravida non, sollicitudin a, malesuada id, erat. Etiam vestibulum massa rutrum magna. Cras convallis convallis"
52;"2017-02-23 19:15:37";5;"Aliquam nec enim. Nunc ut";4;"Lorem ipsum dolor sit amet, consectetuer adipiscing elit. Curabitur sed tortor. Integer aliquam adipiscing lacus. Ut nec urna et arcu imperdiet ullamcorper. Duis"
53;"2017-09-05 02:18:31";4;"arcu. Sed eu nibh vulputate";35;"Lorem ipsum dolor sit amet, consectetuer adipiscing elit. Curabitur sed tortor. Integer aliquam adipiscing lacus. Ut nec urna et arcu imperdiet ullamcorper. Duis"
54;"2017-12-01 20:13:14";3;"Integer vulputate, risus a ultricies";72;"Lorem ipsum dolor sit amet, consectetuer adipiscing elit. Curabitur sed tortor. Integer aliquam adipiscing lacus. Ut nec urna et arcu imperdiet ullamcorper. Duis at lacus. Quisque purus sapien, gravida non, sollicitudin a, malesuada id, erat. Etiam vestibulum massa rutrum magna. Cras convallis convallis dolor. Quisque tincidunt pede"
55;"2018-05-20 13:48:16";4;"viverra. Donec tempus, lorem fringilla";72;"Lorem ipsum dolor sit amet, consectetuer adipiscing elit. Curabitur sed tortor. Integer aliquam adipiscing lacus. Ut nec urna et arcu imperdiet ullamcorper. Duis at lacus. Quisque purus"
56;"2018-06-18 02:35:53";4;"vitae sodales nisi magna sed";40;"Lorem ipsum dolor sit amet, consectetuer adipiscing elit. Curabitur sed tortor. Integer aliquam adipiscing lacus. Ut nec urna et arcu imperdiet ullamcorper. Duis at lacus. Quisque purus sapien, gravida non, sollicitudin a, malesuada id,"
57;"2018-07-08 06:26:30";4;"ut eros non enim commodo";73;"Lorem ipsum dolor sit amet, consectetuer adipiscing elit. Curabitur sed tortor. Integer aliquam adipiscing lacus. Ut nec urna et arcu imperdiet ullamcorper. Duis at lacus. Quisque purus sapien, gravida non, sollicitudin a, malesuada id, erat. Etiam vestibulum massa rutrum magna. Cras convallis convallis dolor. Quisque tincidunt pede"
58;"2018-07-11 15:08:30";1;"adipiscing. Mauris molestie pharetra nibh.";87;"Lorem ipsum"
59;"2017-11-13 03:22:37";1;"vitae nibh. Donec est mauris,";86;"Lorem ipsum dolor sit amet, consectetuer adipiscing elit. Curabitur sed tortor. Integer aliquam adipiscing lacus. Ut nec urna et arcu imperdiet ullamcorper. Duis at lacus. Quisque purus sapien, gravida non, sollicitudin"
60;"2017-11-22 08:21:11";1;"cursus vestibulum. Mauris magna. Duis";58;"Lorem ipsum dolor sit amet, consectetuer adipiscing elit. Curabitur sed tortor. Integer aliquam adipiscing lacus. Ut nec urna et arcu imperdiet ullamcorper. Duis at lacus. Quisque purus sapien, gravida non, sollicitudin a, malesuada id, erat. Etiam"
61;"2018-10-12 00:56:43";6;"vestibulum lorem, sit amet ultricies";8;"Lorem ipsum dolor sit amet, consectetuer adipiscing elit. Curabitur sed tortor. Integer aliquam adipiscing lacus. Ut nec urna et arcu imperdiet ullamcorper. Duis at lacus. Quisque purus sapien,"
62;"2018-05-29 03:42:06";6;"Nam interdum enim non nisi.";16;"Lorem ipsum dolor sit amet, consectetuer adipiscing elit. Curabitur sed tortor. Integer aliquam adipiscing lacus. Ut nec urna et arcu imperdiet ullamcorper. Duis at lacus. Quisque purus sapien, gravida non, sollicitudin a,"
63;"2018-04-03 20:35:02";5;"pharetra. Nam ac nulla. In";79;"Lorem ipsum dolor sit amet, consectetuer adipiscing elit. Curabitur sed tortor. Integer aliquam adipiscing lacus. Ut nec urna et arcu imperdiet ullamcorper. Duis"
64;"2017-01-17 07:56:13";4;"dis parturient montes, nascetur ridiculus";55;"Lorem ipsum dolor sit amet, consectetuer adipiscing elit. Curabitur sed tortor. Integer aliquam adipiscing lacus. Ut nec urna et arcu imperdiet ullamcorper. Duis at lacus. Quisque purus sapien, gravida non,"
65;"2017-03-23 12:09:11";6;"egestas. Aliquam nec enim. Nunc";7;"Lorem ipsum dolor sit amet, consectetuer adipiscing elit. Curabitur sed tortor. Integer aliquam adipiscing lacus. Ut nec urna et arcu imperdiet ullamcorper. Duis at lacus. Quisque purus sapien, gravida non, sollicitudin a, malesuada id, erat. Etiam vestibulum massa rutrum magna. Cras convallis convallis dolor."
66;"2018-01-07 19:48:58";2;"In ornare sagittis felis. Donec";38;"Lorem ipsum dolor sit amet, consectetuer adipiscing elit. Curabitur sed tortor. Integer aliquam adipiscing lacus. Ut nec urna et arcu imperdiet ullamcorper. Duis"
67;"2018-05-13 18:30:25";2;"non, lobortis quis, pede. Suspendisse";19;"Lorem ipsum dolor sit amet, consectetuer adipiscing elit. Curabitur sed tortor. Integer aliquam adipiscing lacus. Ut nec urna et arcu imperdiet ullamcorper. Duis at lacus. Quisque purus sapien, gravida non, sollicitudin a, malesuada id, erat. Etiam vestibulum massa rutrum magna. Cras convallis convallis dolor. Quisque tincidunt pede ac urna."
68;"2017-03-23 18:00:24";4;"tristique ac, eleifend vitae, erat.";74;"Lorem ipsum dolor sit amet, consectetuer adipiscing elit. Curabitur sed tortor. Integer aliquam adipiscing lacus. Ut nec urna et arcu imperdiet ullamcorper. Duis at lacus. Quisque purus sapien, gravida non, sollicitudin a, malesuada id, erat. Etiam vestibulum"
69;"2017-03-04 00:17:33";5;"facilisis eget, ipsum. Donec sollicitudin";57;"Lorem ipsum dolor sit amet, consectetuer adipiscing elit. Curabitur sed tortor. Integer aliquam adipiscing lacus. Ut nec urna et arcu imperdiet ullamcorper. Duis at lacus. Quisque purus sapien, gravida non, sollicitudin a, malesuada id, erat. Etiam vestibulum massa"
70;"2018-08-11 20:09:49";1;"purus. Maecenas libero est, congue";19;"Lorem ipsum dolor sit amet, consectetuer adipiscing elit. Curabitur sed tortor. Integer aliquam adipiscing"
71;"2017-11-24 16:09:20";6;"a, facilisis non, bibendum sed,";78;"Lorem ipsum dolor sit amet, consectetuer adipiscing elit. Curabitur sed tortor. Integer aliquam adipiscing lacus. Ut nec urna et arcu imperdiet ullamcorper. Duis at lacus. Quisque purus sapien, gravida"
72;"2018-01-25 02:31:49";4;"semper et, lacinia vitae, sodales";65;"Lorem ipsum dolor sit amet, consectetuer adipiscing elit. Curabitur sed tortor. Integer aliquam adipiscing lacus. Ut nec urna et arcu imperdiet ullamcorper. Duis at lacus. Quisque purus sapien, gravida non, sollicitudin"
73;"2017-03-23 20:29:44";4;"auctor vitae, aliquet nec, imperdiet";98;"Lorem ipsum dolor sit amet, consectetuer adipiscing elit. Curabitur sed tortor. Integer aliquam adipiscing lacus. Ut nec urna et arcu imperdiet ullamcorper. Duis at lacus. Quisque purus sapien, gravida non, sollicitudin a, malesuada id, erat."
74;"2017-02-22 07:56:40";5;"orci, consectetuer euismod est arcu";27;"Lorem ipsum dolor sit amet, consectetuer adipiscing elit. Curabitur sed tortor. Integer aliquam adipiscing lacus. Ut nec urna et arcu imperdiet ullamcorper. Duis at lacus. Quisque purus sapien, gravida non, sollicitudin a, malesuada id, erat. Etiam vestibulum massa rutrum magna. Cras convallis convallis dolor. Quisque tincidunt"
75;"2017-12-22 04:35:13";6;"eu arcu. Morbi sit amet";69;"Lorem ipsum dolor sit amet, consectetuer adipiscing elit. Curabitur sed tortor. Integer aliquam adipiscing lacus. Ut nec urna et arcu imperdiet ullamcorper. Duis at lacus. Quisque purus sapien, gravida non, sollicitudin a, malesuada id, erat. Etiam vestibulum massa rutrum magna. Cras convallis convallis dolor. Quisque"
76;"2018-09-25 20:25:01";5;"Sed id risus quis diam";83;"Lorem ipsum dolor sit amet, consectetuer adipiscing elit. Curabitur sed tortor. Integer aliquam adipiscing lacus. Ut nec urna et arcu imperdiet ullamcorper. Duis at lacus. Quisque purus sapien, gravida non, sollicitudin a, malesuada id, erat. Etiam vestibulum massa rutrum magna. Cras convallis convallis dolor. Quisque tincidunt pede ac"
77;"2018-09-18 02:31:12";3;"cursus a, enim. Suspendisse aliquet,";4;"Lorem ipsum dolor sit amet, consectetuer adipiscing elit. Curabitur sed tortor. Integer aliquam adipiscing lacus. Ut nec urna et arcu imperdiet ullamcorper. Duis at lacus. Quisque"
78;"2018-03-26 10:08:46";6;"arcu et pede. Nunc sed";27;"Lorem ipsum dolor sit amet, consectetuer adipiscing elit. Curabitur sed tortor. Integer aliquam adipiscing lacus. Ut nec urna et arcu imperdiet ullamcorper. Duis at lacus. Quisque purus sapien, gravida non,"
79;"2018-01-15 03:40:31";4;"tincidunt, nunc ac mattis ornare,";17;"Lorem ipsum dolor"
80;"2017-06-03 04:51:41";1;"sed, est. Nunc laoreet lectus";22;"Lorem ipsum dolor sit amet, consectetuer adipiscing elit. Curabitur sed tortor. Integer aliquam adipiscing lacus. Ut nec urna et arcu imperdiet ullamcorper. Duis at lacus. Quisque purus"
81;"2017-06-23 13:04:37";1;"molestie arcu. Sed eu nibh";98;"Lorem ipsum dolor sit amet, consectetuer adipiscing elit. Curabitur sed tortor. Integer aliquam adipiscing lacus. Ut nec urna et"
82;"2018-09-10 19:25:14";2;"dis parturient montes, nascetur ridiculus";88;"Lorem ipsum"
83;"2017-01-19 12:24:00";5;"montes, nascetur ridiculus mus. Donec";94;"Lorem ipsum dolor sit amet, consectetuer"
84;"2016-11-23 12:17:12";5;"ornare, facilisis eget, ipsum. Donec";15;"Lorem ipsum dolor sit amet, consectetuer adipiscing elit. Curabitur sed tortor. Integer aliquam adipiscing lacus. Ut nec urna et arcu imperdiet ullamcorper."
85;"2017-03-22 12:51:03";5;"Integer id magna et ipsum";12;"Lorem ipsum dolor sit amet, consectetuer adipiscing elit. Curabitur sed tortor. Integer aliquam adipiscing lacus."
86;"2017-09-26 07:16:30";1;"mollis lectus pede et risus.";53;"Lorem ipsum dolor sit amet,"
87;"2018-08-09 16:26:55";4;"justo. Proin non massa non";11;"Lorem ipsum dolor sit amet, consectetuer adipiscing elit. Curabitur sed tortor. Integer aliquam adipiscing lacus. Ut nec urna et arcu imperdiet ullamcorper. Duis at lacus. Quisque purus"
88;"2018-07-20 03:45:23";2;"et magnis dis parturient montes,";70;"Lorem ipsum dolor sit amet, consectetuer adipiscing elit. Curabitur sed tortor. Integer aliquam adipiscing lacus."
89;"2017-06-25 11:30:21";6;"aliquam eros turpis non enim.";58;"Lorem ipsum dolor sit amet, consectetuer adipiscing elit. Curabitur sed tortor. Integer"
90;"2018-07-30 04:02:12";6;"non leo. Vivamus nibh dolor,";60;"Lorem ipsum dolor"
91;"2018-10-09 01:40:29";1;"tortor nibh sit amet orci.";49;"Lorem ipsum dolor sit amet, consectetuer adipiscing elit. Curabitur sed tortor. Integer aliquam adipiscing lacus. Ut nec urna et arcu imperdiet ullamcorper. Duis at lacus. Quisque purus sapien, gravida non, sollicitudin a, malesuada id, erat. Etiam vestibulum massa rutrum magna. Cras convallis convallis dolor. Quisque tincidunt pede ac urna."
92;"2017-04-03 19:56:32";4;"augue ac ipsum. Phasellus vitae";21;"Lorem ipsum dolor sit amet, consectetuer adipiscing elit. Curabitur sed tortor. Integer aliquam adipiscing lacus. Ut nec urna et arcu imperdiet ullamcorper. Duis at lacus. Quisque purus sapien,"
93;"2016-12-25 16:18:22";3;"placerat, augue. Sed molestie. Sed";40;"Lorem ipsum dolor sit amet, consectetuer adipiscing elit. Curabitur sed tortor. Integer"
94;"2018-08-11 09:51:16";1;"Phasellus vitae mauris sit amet";92;"Lorem ipsum dolor sit amet, consectetuer adipiscing elit. Curabitur sed tortor. Integer aliquam adipiscing lacus. Ut nec urna et arcu imperdiet ullamcorper. Duis at lacus. Quisque purus sapien, gravida non, sollicitudin a, malesuada id, erat. Etiam vestibulum massa"
95;"2018-01-12 08:15:16";3;"dolor sit amet, consectetuer adipiscing";76;"Lorem ipsum dolor sit amet, consectetuer adipiscing elit. Curabitur sed"
96;"2017-05-17 05:04:37";5;"pellentesque massa lobortis ultrices. Vivamus";67;"Lorem ipsum dolor sit amet, consectetuer adipiscing elit. Curabitur sed tortor. Integer aliquam adipiscing lacus. Ut nec urna et arcu imperdiet ullamcorper. Duis at lacus. Quisque purus sapien, gravida non, sollicitudin"
97;"2017-07-18 04:00:10";6;"consectetuer adipiscing elit. Curabitur sed";72;"Lorem ipsum dolor sit amet, consectetuer adipiscing elit. Curabitur sed tortor."
98;"2017-09-13 12:08:52";4;"nonummy. Fusce fermentum fermentum arcu.";48;"Lorem ipsum dolor sit"
99;"2018-10-26 09:37:42";3;"montes, nascetur ridiculus mus. Proin";38;"Lorem ipsum dolor sit amet, consectetuer adipiscing elit. Curabitur sed tortor. Integer aliquam adipiscing lacus. Ut nec"
100;"2017-07-14 20:42:33";6;"libero at auctor ullamcorper, nisl";71;"Lorem ipsum dolor sit amet, consectetuer adipiscing elit. Curabitur sed tortor. Integer aliquam adipiscing lacus. Ut nec urna et arcu imperdiet ullamcorper. Duis at lacus. Quisque purus sapien, gravida non,"
